Workbook

Sheet Demand variability
A1: Somma di Quantità | C1: Classe
A2: Anni (Data) | B2: Mesi (Data) | C2: 30 | D2: 44 | E2: 46 | F2: 50 | G2: 51 | H2: 53 | I2: 60 | J2: 61 | K2: 80 | L2: 88
A3: 2023 | B3: gen | C3: 179080 | D3: 19309 | E3: 690939 | F3: 1582064.8 | G3: 0 | H3: 4288740.8 | I3: 113375.6 | J3: 75838 | K3: 0 | L3: 0
B4: feb | C4: 249568 | D4: 31422 | E4: 551780 | F4: 1544948.1 | G4: 0 | H4: 4109199.6 | I4: 106133.5 | J4: 63778 | K4: 0 | L4: 0
B5: mar | C5: 235787 | D5: 49414.5 | E5: 694878 | F5: 1861094.5 | G5: 0 | H5: 4523276 | I5: 138682.1 | J5: 105023 | K5: 0 | L5: 1188
B6: apr | C6: 194927 | D6: 16376 | E6: 400421.5 | F6: 1462631.1 | G6: 0 | H6: 3368564.4 | I6: 81485.3 | J6: 68523 | K6: 0 | L6: 0
B7: mag | C7: 252285.5 | D7: 12258.5 | E7: 500990 | F7: 1555464.8 | G7: 0 | H7: 3786167.1 | I7: 93947 | J7: 124293 | K7: 0 | L7: 0
B8: giu | C8: 240498 | D8: 17115.1 | E8: 536576 | F8: 1309613.9 | G8: 0 | H8: 3444214.1 | I8: 71254.8 | J8: 76070 | K8: 1556 | L8: 0
B9: lug | C9: 182647 | D9: 8669.9 | E9: 550603 | F9: 1134880.7 | G9: 0 | H9: 2518742 | I9: 55844.2 | J9: 77987 | K9: 0 | L9: 0
B10: ago | C10: 44427 | D10: 4789 | E10: 189129 | F10: 444145.35 | G10: 0 | H10: 1191131 | I10: 11120 | J10: 61637 | K10: 0 | L10: 0
B11: set | C11: 236491 | D11: 42493 | E11: 520168 | F11: 1333339 | G11: 0 | H11: 3342303 | I11: 58251 | J11: 92377 | K11: 4169 | L11: 0
B12: ott | C12: 169569 | D12: 9580.1 | E12: 421458.6 | F12: 1175668.9 | G12: 0 | H12: 3058162.7 | I12: 24140 | J12: 124750 | K12: 0 | L12: 1171
B13: nov | C13: 156374 | D13: 9387.9 | E13: 533620.8 | F13: 999792.1 | G13: 0 | H13: 2614017 | I13: 72244 | J13: 172209 | K13: 0 | L13: 1291
B14: dic | C14: 119473 | D14: 6858 | E14: 312281.6 | F14: 742835.99 | G14: 0 | H14: 1622310.3 | I14: 25071.5 | J14: 67421 | K14: 5632 | L14: 0
A15: 2024 | B15: gen | C15: 225921 | D15: 13697 | E15: 530683 | F15: 1433565 | G15: 0 | H15: 4091968 | I15: 57913 | J15: 113204 | K15: 2817 | L15: 0
B16: feb | C16: 137231 | D16: 25547 | E16: 540647 | F16: 1638595.9 | G16: 0 | H16: 4134828.6 | I16: 84606 | J16: 124381 | K16: 0 | L16: 0
B17: mar | C17: 193443.5 | D17: 33242 | E17: 574928.6 | F17: 1654420.1 | G17: 0 | H17: 4001502.7 | I17: 64108 | J17: 120289 | K17: 0 | L17: 1133
B18: apr | C18: 125008 | D18: 27689 | E18: 529832 | F18: 1567497.6 | G18: 0 | H18: 3706148.5 | I18: 26231 | J18: 92566 | K18: 8485 | L18: 0
B19: mag | C19: 256526 | D19: 58612 | E19: 565336 | F19: 1586851 | G19: 0 | H19: 3990420.5 | I19: 74774 | J19: 120340 | K19: 0 | L19: 0
B20: giu | C20: 171811 | D20: 40171 | E20: 547929 | F20: 1417703.5 | G20: 4952 | H20: 3599238 | I20: 103617 | J20: 125810 | K20: 4358 | L20: 0
B21: lug | C21: 163423 | D21: 8983 | E21: 489542 | F21: 1441354 | G21: 8350 | H21: 3138279 | I21: 49984 | J21: 122452 | K21: 0 | L21: 0
B22: ago | C22: 54158 | D22: 3750 | E22: 159759 | F22: 409584.59 | G22: 6141 | H22: 1061209.9 | I22: 20077 | J22: 51770 | K22: 4357 | L22: 0
B23: set | C23: 202569 | D23: 26380 | E23: 495969 | F23: 1322552 | G23: 4267 | H23: 3578114.2 | I23: 56201.4 | J23: 151603 | K23: 13034 | L23: 1432
B24: ott | C24: 219155 | D24: 18041 | E24: 520079.97 | F24: 1404676.4 | G24: 3993 | H24: 3495293.5 | I24: 112325 | J24: 158698 | K24: 9975 | L24: 0
B25: nov | C25: 210481 | D25: 33692 | E25: 407581 | F25: 1186046 | G25: 3232 | H25: 2879998.5 | I25: 71837 | J25: 143449 | K25: 21812 | L25: 0
B26: dic | C26: 76110 | D26: 7272.04 | E26: 297459.61 | F26: 795333.13 | G26: 2046 | H26: 1488320 | I26: 18594.68 | J26: 33973 | K26: 16878 | L26: 0
B28: avg | C28: =AVERAGE(C3:C26) -> 179040.12 | D28: =AVERAGE(D3:D26) -> 21864.543 | E28: =AVERAGE(E3:E26) -> 481774.65 | F28: =AVERAGE(F3:F26) -> 1291860.8 | G28: =AVERAGE(G3:G26) -> 1374.2083 | H28: =AVERAGE(H3:H26) -> 3209672.9 | I28: =AVERAGE(I3:I26) -> 66325.712 | J28: =AVERAGE(J3:J26) -> 102851.71 | ... M28: =AVERAGE(M3:M26) -> #DIV/0!
B29: dev std | C29: =STDEV(C3:C26) -> 61109.026 | D29: =STDEV(D3:D26) -> 15087.947 | E29: =STDEV(E3:E26) -> 132544.5 | F29: =STDEV(F3:F26) -> 375281.46 | G29: =STDEV(G3:G26) -> 2426.4592 | H29: =STDEV(H3:H26) -> 994722.75 | I29: =STDEV(I3:I26) -> 34390.763 | J29: =STDEV(J3:J26) -> 36285.985 | ... M29: =STDEV(M3:M26) -> #DIV/0!
B30: CV (%) | C30: =C29/C28 -> 0.3413147 | D30: =D29/D28 -> 0.69006459 | E30: =E29/E28 -> 0.27511722 | F30: =F29/F28 -> 0.29049683 | G30: =G29/G28 -> 1.7657142 | H30: =H29/H28 -> 0.30991406 | I30: =I29/I28 -> 0.51851329 | J30: =J29/J28 -> 0.35279905 | ... M30: =M29/M28 -> #DIV/0!
A32: Fitting | C32: Normal | D32: Normal | E32: Normal | F32: Normal | G32: Normal (phese-in) | H32: Normal | I32: Normal | J32: Normal | K32: Gamma (1,915;4,416) with p=0,46 otherwise 0 | L32: Gamma (135,5;0,00938) with p=0,25 otherwise 0

Sheet Production variability
E1: AVERAGE | I1: STANDARD DEVIATION
B2: Work Center Group Code | C2: Work center | D2: Name | E2: Availability | F2: Efficiency | G2: Quality | H2: OEE | I2: Availability | J2: Efficiency | K2: Quality | L2: OEE
B3: FONDERIA | C3: LC1 | D3: COLATA GMS | E3: ='OEE Fonderia'!F16 -> 0.87688867 | F3: ='OEE Fonderia'!G16 -> 0.88796017 | G3: ='OEE Fonderia'!H16 -> 0.90902554 | H3: ='OEE Fonderia'!I16 -> 0.71650375 | I3: ='OEE Fonderia'!F17 -> 0.17743579 | J3: ='OEE Fonderia'!G17 -> 0.13363101 | K3: ='OEE Fonderia'!H17 -> 0.071576067 | L3: ='OEE Fonderia'!I17 -> 0.20671629
B4: FONDERIA | C4: LC2 | D4: COLATA OCN | E4: ='OEE Fonderia'!B16 -> 0.95945138 | F4: ='OEE Fonderia'!C16 -> 0.93245108 | G4: ='OEE Fonderia'!D16 -> 0.98934102 | H4: ='OEE Fonderia'!E16 -> 0.88246634 | I4: ='OEE Fonderia'!B17 -> 0.059587926 | J4: ='OEE Fonderia'!C17 -> 0.065477922 | K4: ='OEE Fonderia'!D17 -> 0.014464984 | L4: ='OEE Fonderia'!E17 -> 0.044987016
B5: ESTRUSIONE | C5: PE2 | D5: PRESSA SMS 2800 | E5: ='OEE Produzione'!CV9 -> 0.79700231 | F5: ='OEE Produzione'!CW9 -> 0.72839204 | G5: ='OEE Produzione'!CX9 -> 1 | H5: ='OEE Produzione'!CY9 -> 0.5724826 | I5: ='OEE Produzione'!CZ9 -> 0.070056333 | J5: ='OEE Produzione'!DA9 -> 0.16384798 | K5: ='OEE Produzione'!DB9 -> 0 | L5: ='OEE Produzione'!DC9 -> 0.1267167
B6: FINITURA | C6: RD1 | D6: RADDRIZZATRICE COSMAC 1 | E6: ='OEE Produzione'!CV10 -> 0.78047687 | F6: ='OEE Produzione'!CW10 -> 0.6756695 | G6: ='OEE Produzione'!CX10 -> 0.78453047 | H6: ='OEE Produzione'!CY10 -> 0.41250585 | I6: ='OEE Produzione'!CZ10 -> 0.091670378 | J6: ='OEE Produzione'!DA10 -> 0.10139261 | K6: ='OEE Produzione'!DB10 -> 0.079858123 | L6: ='OEE Produzione'!DC10 -> 0.08312703
B7: FINITURA | C7: RD3 | D7: RADDRIZZATRICE COSMAC 3 | E7: ='OEE Produzione'!CV11 -> 0.80840743 | F7: ='OEE Produzione'!CW11 -> 0.64186984 | G7: ='OEE Produzione'!CX11 -> 0.70473981 | H7: ='OEE Produzione'!CY11 -> 0.36456203 | I7: ='OEE Produzione'!CZ11 -> 0.050556864 | J7: ='OEE Produzione'!DA11 -> 0.087103914 | K7: ='OEE Produzione'!DB11 -> 0.065749394 | L7: ='OEE Produzione'!DC11 -> 0.057325656
B8: FINITURA | C8: TB1 | D8: COMBINATA UNIVERSALE | E8: ='OEE Produzione'!CV12 -> 0.73806829 | F8: ='OEE Produzione'!CW12 -> 0.50591989 | G8: ='OEE Produzione'!CX12 -> 0.98022357 | H8: ='OEE Produzione'!CY12 -> 0.36223075 | I8: ='OEE Produzione'!CZ12 -> 0.070385193 | J8: ='OEE Produzione'!DA12 -> 0.13340508 | K8: ='OEE Produzione'!DB12 -> 0.01155417 | L8: ='OEE Produzione'!DC12 -> 0.087905396
B9: FINITURA | C9: TB2 | D9: TRAFILA 120/40 | E9: ='OEE Produzione'!CV13 -> 0.79289197 | F9: ='OEE Produzione'!CW13 -> 0.5977076 | G9: ='OEE Produzione'!CX13 -> 1 | H9: ='OEE Produzione'!CY13 -> 0.46694595 | I9: ='OEE Produzione'!CZ13 -> 0.098288955 | J9: ='OEE Produzione'!DA13 -> 0.11741953 | K9: ='OEE Produzione'!DB13 -> 0 | L9: ='OEE Produzione'!DC13 -> 0.072104139
B10: FINITURA | C10: TC1 | D10: COMBINATA UDM 12/100 | E10: ='OEE Produzione'!CV14 -> 0.60824434 | F10: ='OEE Produzione'!CW14 -> 0.81112763 | G10: ='OEE Produzione'!CX14 -> 0.96615002 | H10: ='OEE Produzione'!CY14 -> 0.47378313 | I10: ='OEE Produzione'!CZ14 -> 0.074383358 | J10: ='OEE Produzione'!DA14 -> 0.074885007 | K10: ='OEE Produzione'!DB14 -> 0.028737506 | L10: ='OEE Produzione'!DC14 -> 0.053827868
B11: FINITURA | C11: TC10 | D11: COMBINATA SCHUMAG 2/8 | E11: ='OEE Produzione'!CV15 -> 0.70169691 | F11: ='OEE Produzione'!CW15 -> 0.61776335 | G11: ='OEE Produzione'!CX15 -> 0.82716324 | H11: ='OEE Produzione'!CY15 -> 0.35931709 | I11: ='OEE Produzione'!CZ15 -> 0.10613951 | J11: ='OEE Produzione'!DA15 -> 0.060984201 | K11: ='OEE Produzione'!DB15 -> 0.12530252 | L11: ='OEE Produzione'!DC15 -> 0.087968941
B12: FINITURA | C12: TC2 | D12: COMBINATA OCN 4/100 TURBO | E12: ='OEE Produzione'!CV16 -> 0.62874132 | F12: ='OEE Produzione'!CW16 -> 0.50857081 | G12: ='OEE Produzione'!CX16 -> 0.93676804 | H12: ='OEE Produzione'!CY16 -> 0.30070422 | I12: ='OEE Produzione'!CZ16 -> 0.068629414 | J12: ='OEE Produzione'!DA16 -> 0.078970429 | K12: ='OEE Produzione'!DB16 -> 0.05218059 | L12: ='OEE Produzione'!DC16 -> 0.062917789
B13: FINITURA | C13: TC3 | D13: COMBINATA OCN 4/100 | E13: ='OEE Produzione'!CV17 -> 0.69503051 | F13: ='OEE Produzione'!CW17 -> 0.70123337 | G13: ='OEE Produzione'!CX17 -> 0.96239201 | H13: ='OEE Produzione'!CY17 -> 0.46836312 | I13: ='OEE Produzione'!CZ17 -> 0.069781277 | J13: ='OEE Produzione'!DA17 -> 0.051203756 | K13: ='OEE Produzione'!DB17 -> 0.032364646 | L13: ='OEE Produzione'!DC17 -> 0.056080844
B14: FINITURA | C14: TC4 | D14: COMBINATA OCN 10/100 | E14: ='OEE Produzione'!CV18 -> 0.70156567 | F14: ='OEE Produzione'!CW18 -> 0.67940842 | G14: ='OEE Produzione'!CX18 -> 0.98610748 | H14: ='OEE Produzione'!CY18 -> 0.46800211 | I14: ='OEE Produzione'!CZ18 -> 0.058276938 | J14: ='OEE Produzione'!DA18 -> 0.074963612 | K14: ='OEE Produzione'!DB18 -> 0.011257599 | L14: ='OEE Produzione'!DC18 -> 0.047224344
B15: FINITURA | C15: TC5 | D15: COMBINATA OCN 23/80 | E15: ='OEE Produzione'!CV19 -> 0.69752097 | F15: ='OEE Produzione'!CW19 -> 0.87150763 | G15: ='OEE Produzione'!CX19 -> 0.94689787 | H15: ='OEE Produzione'!CY19 -> 0.57552159 | I15: ='OEE Produzione'!CZ19 -> 0.055388636 | J15: ='OEE Produzione'!DA19 -> 0.065684747 | K15: ='OEE Produzione'!DB19 -> 0.018287896 | L15: ='OEE Produzione'!DC19 -> 0.065304535
B16: FINITURA | C16: TC6 | D16: COMBINATA SCHUMAG 2/B | E16: ='OEE Produzione'!CV20 -> 0.66761295 | F16: ='OEE Produzione'!CW20 -> 0.61093471 | G16: ='OEE Produzione'!CX20 -> 0.86058412 | H16: ='OEE Produzione'!CY20 -> 0.34935751 | I16: ='OEE Produzione'!CZ20 -> 0.082624348 | J16: ='OEE Produzione'!DA20 -> 0.089774446 | K16: ='OEE Produzione'!DB20 -> 0.074019718 | L16: ='OEE Produzione'!DC20 -> 0.066089276
... B18: FINITURA | C18: TC8 | D18: COMBINATA SCHUMAG 0/B | E18: ='OEE Produzione'!CV22 -> 0.61374786 | F18: ='OEE Produzione'!CW22 -> 0.65085011 | G18: ='OEE Produzione'!CX22 -> 0.95981379 | H18: ='OEE Produzione'!CY22 -> 0.38024347 | I18: ='OEE Produzione'!CZ22 -> 0.12985716 | J18: ='OEE Produzione'!DA22 -> 0.17975895 | K18: ='OEE Produzione'!DB22 -> 0.070822519 | L18: ='OEE Produzione'!DC22 -> 0.12066872

Sheet OEE Fonderia
B1: OCN | F1: GMS
A2: Mese | B2: Disponibilità | C2: Efficienza | D2: Qualità | E2: OEE | F2: Disponibilità | G2: Efficienza | H2: Qualità | I2: OEE
A3: 45292 | B3: 0.98550725 | C3: 0.86644981 | D3: 0.99860022 | E3: 0.85269731 | F3: 0.89409722 | G3: 0.95017439 | H3: 0.94814815 | I3: 0.80549763
A4: 45323 | B4: 0.90123457 | C4: 0.95804704 | D4: 0.99866042 | E4: 0.86226848 | F4: 0.95238095 | G4: 0.90818398 | H4: 0.93565773 | I4: 0.8092851
A5: 45352 | B5: 0.99568966 | C5: 0.91814188 | D5: 0.9888749 | E5: 0.90401397 | F5: 0.99281609 | G5: 0.94772709 | H5: 0.89468464 | I5: 0.84182551
A6: 45383 | B6: 0.978125 | C6: 0.89247873 | D6: 0.99833055 | E6: 0.8714984 | F6: 0.984375 | G6: 1.023043 | H6: 0.90779363 | I6: 0.91420083
A7: 45413 | B7: 0.95555556 | C7: 0.87405557 | D7: 0.98672257 | E7: 0.82411923 | F7: 0.75268817 | G7: 0.84087653 | H7: 0.97118453 | I7: 0.61467999
A8: 45444 | B8: 0.9875 | C8: 1.031089 | D8: 0.97888636 | E8: 0.99670243
A9: 45474 | B9: 0.96908602 | C9: 0.94687096 | D9: 0.99927466 | E9: 0.91693385 | F9: 0.41397849 | G9: 0.57275121 | H9: 0.88692511 | I9: 0.21029587
A10: 45505 | B10: 0.83333333 | C10: 1.0538194 | D10: 0.952 | E10: 0.83603009 | H10: 1
A11: 45536 | B11: 0.91235632 | C11: 0.95691173 | D11: 0.99684543 | E11: 0.87029038 | F11: 0.92816092 | G11: 0.93205969 | H11: 0.9535634 | I11: 0.82492901
A12: 45566 | B12: 0.94623656 | C12: 0.94526092 | D12: 0.99927988 | E12: 0.89379634 | F12: 0.91520468 | G12: 0.9967601 | H12: 0.82679254 | I12: 0.75423282
A13: 45597 | B13: 0.97101449 | C13: 0.920432 | D13: 0.99904398 | E13: 0.89289837 | F13: 0.93518519 | G13: 0.94608767 | H13: 0.92976128 | I13: 0.82262226
A14: 45627 | B14: 1.0777778 | C14: 0.82585594 | D14: 0.97557328 | E14: 0.86834722 | F14: 1 | G14: 0.76193803 | H14: 0.74476987 | I14: 0.56746849
B16: =AVERAGE(B3:B14) -> 0.95945138 | C16: =AVERAGE(C3:C14) -> 0.93245108 | D16: =AVERAGE(D3:D14) -> 0.98934102 | E16: =AVERAGE(E3:E14) -> 0.88246634 | F16: =AVERAGE(F3:F14) -> 0.87688867 | G16: =AVERAGE(G3:G14) -> 0.88796017 | H16: =AVERAGE(H3:H14) -> 0.90902554 | I16: =AVERAGE(I3:I14) -> 0.71650375
B17: =STDEV(B3:B14) -> 0.059587926 | C17: =STDEV(C3:C14) -> 0.065477922 | D17: =STDEV(D3:D14) -> 0.014464984 | E17: =STDEV(E3:E14) -> 0.044987016 | F17: =STDEV(F3:F14) -> 0.17743579 | G17: =STDEV(G3:G14) -> 0.13363101 | H17: =STDEV(H3:H14) -> 0.071576067 | I17: =STDEV(I3:I14) -> 0.20671629

Sheet OEE Produzione
B3: Gruppo macchine | C3: (più elementi)
C5: Valori | D5: Anni | E5: Mese
C6: Disponibilità | AA6: Efficienza | AY6: Qualità | BW6: OEE
C7: 2019 | O7: 2020 | AA7: 2019 | AM7: 2020 | AY7: 2019 | BK7: 2020 | BW7: 2019 | CI7: 2020 | CV7: Media | CZ7: Dev STd
B8: Macchina | C8: gen | D8: feb | E8: mar | F8: apr | G8: mag | H8: giu | I8: lug | J8: ago | K8: set | L8: ott | M8: nov | N8: dic | O8: gen | P8: feb | Q8: mar | R8: apr | S8: mag | T8: giu | U8: lug | V8: ago | W8: set | X8: ott | Y8: nov | Z8: dic | AA8: gen | AB8: feb | AC8: mar | AD8: apr | AE8: mag | AF8: giu | AG8: lug | AH8: ago | AI8: set | AJ8: ott | AK8: nov | AL8: dic | AM8: gen | AN8: feb | AO8: mar | AP8: apr | AQ8: mag | AR8: giu | AS8: lug | AT8: ago | AU8: set | AV8: ott | AW8: nov | AX8: dic | AY8: gen | AZ8: feb | BA8: mar | BB8: apr | BC8: mag | BD8: giu | BE8: lug | BF8: ago | BG8: set | BH8: ott | BI8: nov | BJ8: dic | BK8: gen | BL8: feb | BM8: mar | BN8: apr | BO8: mag | BP8: giu | BQ8: lug | BR8: ago | BS8: set | BT8: ott | BU8: nov | BV8: dic | BW8: gen | BX8: feb | BY8: mar | BZ8: apr | CA8: mag | CB8: giu | CC8: lug | CD8: ago | CE8: set | CF8: ott | CG8: nov | CH8: dic | CI8: gen | CJ8: feb | CK8: mar | CL8: apr | CM8: mag | CN8: giu | CO8: lug | CP8: ago | CQ8: set | CR8: ott | CS8: nov | CT8: dic | CV8: Disponibilità | CW8: Efficienza | CX8: Qualità | CY8: OEE | CZ8: Disponibilità | DA8: Efficienza | DB8: Qualità | DC8: OEE
A9: PE2 | B9: PR2800 | C9: 0.7873252 | D9: 0.86672721 | E9: 0.84389799 | F9: 0.85383378 | G9: 0.82726141 | H9: 0.84724435 | I9: 0.83177146 | J9: 1 | K9: 0.87569116 | L9: 0.79016591 | M9: 0.76869744 | N9: 0.78754481 | O9: 0.70489848 | P9: 0.65696503 | Q9: 0.72410955 | R9: 0.76292531 | S9: 0.77701263 | T9: 0.82307396 | U9: 0.83450541 | V9: 0.71930025 | W9: 0.75569496 | X9: 0.78852794 | Y9: 0.76279886 | Z9: 0.73808229 | AA9: 0.74499308 | AB9: 0.7405608 | AC9: 0.78197485 | AD9: 0.68803627 | AE9: 0.77827019 | AF9: 0.73374696 | AG9: 0.76912941 | AH9: 0.035644101 | AI9: 0.45181754 | AJ9: 0.73085052 | AK9: 0.78182789 | AL9: 0.78544699 | AM9: 0.77931839 | AN9: 0.79526852 | AO9: 0.83420935 | AP9: 0.7791595 | AQ9: 0.79399114 | AR9: 0.79003851 | AS9: 0.78287492 | AT9: 0.78127696 | AU9: 0.77248123 | AV9: 0.78522058 | AW9: 0.776117 | AX9: 0.78915436 | AY9: 1 | AZ9: 1 | BA9: 1 | BB9: 1 | BC9: 1 | BD9: 1 | BE9: 1 | BF9: 1 | BG9: 1 | BH9: 1 | BI9: 1 | BJ9: 1 | BK9: 1 | BL9: 1 | BM9: 1 | BN9: 1 | BO9: 1 | BP9: 1 | BQ9: 1 | BR9: 1 | BS9: 1 | BT9: 1 | BU9: 1 | BV9: 1 | BW9: 0.58655183 | BX9: 0.6418642 | BY9: 0.659907 | BZ9: 0.58746861 | CA9: 0.64383289 | CB9: 0.62166297 | CC9: 0.63973989 | CD9: 0.035644101 | CE9: 0.39565263 | CF9: 0.57749317 | CG9: 0.6009891 | CH9: 0.61857469 | CI9: 0.54934035 | CJ9: 0.52246361 | CK9: 0.60405895 | CL9: 0.5944405 | CM9: 0.61694114 | CN9: 0.65026012 | CO9: 0.65331335 | CP9: 0.56197271 | CQ9: 0.58376017 | CR9: 0.61916837 | CS9: 0.59202116 | CT9: 0.58246086 | CV9: =AVERAGE(C9:Z9) -> 0.79700231 | CW9: =AVERAGE(AA9:AX9) -> 0.72839204 | CX9: =AVERAGE(AY9:BV9) -> 1 | CY9: =AVERAGE(BW9:CT9) -> 0.5724826 | CZ9: =STDEV(C9:Z9) -> 0.070056333 | DA9: =STDEV(AA9:AX9) -> 0.16384798 | DB9: =STDEV(AY9:BV9) -> 0 | DC9: =STDEV(BW9:CT9) -> 0.1267167
A10: RD1 | B10: RCOSMG | C10: 0.71076936 | D10: 0.76345144 | E10: 0.80217343 | F10: 0.79649255 | G10: 0.73480718 | H10: 0.68166222 | I10: 0.74781341 | J10: 0.86522346 | K10: 0.87307067 | L10: 0.87153502 | M10: 0.86770697 | N10: 0.74827283 | O10: 0.86466218 | P10: 0.85741088 | Q10: 0.875403 | R10: 0.85067685 | S10: 0.7700353 | T10: 0.70731038 | U10: 0.82437585 | V10: 0.83786765 | W10: 0.71491369 | X10: 0.49981552 | Y10: 0.64192926 | Z10: 0.82406584 | AA10: 0.52974408 | AB10: 0.64447538 | AC10: 0.83774105 | AD10: 0.71976842 | AE10: 0.72552815 | AF10: 0.65077659 | AG10: 0.85426679 | AH10: 0.61738006 | AI10: 0.57454237 | AJ10: 0.64319934 | AK10: 0.78048138 | AL10: 0.82366517 | AM10: 0.68137543 | AN10: 0.66890332 | AO10: 0.61020696 | AP10: 0.63031634 | AQ10: 0.56002464 | AR10: 0.58524199 | AS10: 0.61945198 | AT10: 0.7181744 | AU10: 0.56581457 | AV10: 0.89259698 | AW10: 0.57425988 | AX10: 0.70813277 | AY10: 0.82112752 | AZ10: 0.77684034 | BA10: 0.7680957 | BB10: 0.78208753 | BC10: 0.73879394 | BD10: 0.73142199 | BE10: 0.71104641 | BF10: 0.56932052 | BG10: 0.78792 | BH10: 0.75872368 | BI10: 0.82292787 | BJ10: 0.79300338 | BK10: 0.9033283 | BL10: 0.85296233 | BM10: 0.82779294 | BN10: 0.82298199 | BO10: 0.75519596 | BP10: 0.81551467 | BQ10: 0.87312337 | BR10: 0.82580247 | BS10: 0.80043301 | BT10: 0.58251665 | BU10: 0.8851208 | BV10: 0.82264999 | BW10: 0.30917575 | BX10: 0.38222538 | BY10: 0.51617077 | BZ10: 0.4483631 | CA10: 0.39386826 | CB10: 0.32446597 | CC10: 0.45423932 | CD10: 0.30411492 | CE10: 0.39523336 | CF10: 0.4253183 | CG10: 0.55731073 | CH10: 0.48874881 | CI10: 0.53220451 | CJ10: 0.48919521 | CK10: 0.44218795 | CL10: 0.44127926 | CM10: 0.32566975 | CN10: 0.33758045 | CO10: 0.44587027 | CP10: 0.49691433 | CQ10: 0.32378202 | CR10: 0.25988038 | CS10: 0.32628582 | CT10: 0.48005578 | CV10: =AVERAGE(C10:Z10) -> 0.78047687 | CW10: =AVERAGE(AA10:AX10) -> 0.6756695 | CX10: =AVERAGE(AY10:BV10) -> 0.78453047 | CY10: =AVERAGE(BW10:CT10) -> 0.41250585 | CZ10: =STDEV(C10:Z10) -> 0.091670378 | DA10: =STDEV(AA10:AX10) -> 0.10139261 | DB10: =STDEV(AY10:BV10) -> 0.079858123 | DC10: =STDEV(BW10:CT10) -> 0.08312703
A11: RD3 | B11: RCOSMP | C11: 0.79758751 | D11: 0.78883311 | E11: 0.77911932 | F11: 0.77865373 | G11: 0.81471552 | H11: 0.78523658 | I11: 0.88173258 | K11: 0.85762082 | L11: 0.87861776 | M11: 0.8735054 | N11: 0.90772025 | O11: 0.87795074 | P11: 0.75291133 | Q11: 0.85029581 | R11: 0.82856534 | S11: 0.7922959 | T11: 0.77492286 | U11: 0.76766063 | V11: 0.77840225 | W11: 0.75591398 | X11: 0.78489564 | Y11: 0.76218548 | Z11: 0.7240284 | AA11: 0.574411 | AB11: 0.6081736 | AC11: 0.64492625 | AD11: 0.66469668 | AE11: 0.54912578 | AF11: 0.49069355 | AG11: 0.61378256 | AI11: 0.7318338 | AJ11: 0.5597785 | AK11: 0.58858409 | AL11: 0.56203129 | AM11: 0.62608807 | AN11: 0.83819987 | AO11: 0.73049252 | AP11: 0.60397265 | AQ11: 0.67387422 | AR11: 0.61479119 | AS11: 0.67340348 | AT11: 0.72746815 | AU11: 0.7236436 | AV11: 0.49421156 | AW11: 0.75211921 | AX11: 0.71670464 | AY11: 0.63792194 | AZ11: 0.63963945 | BA11: 0.64144961 | BB11: 0.70962346 | BC11: 0.76426909 | BD11: 0.69239339 | BE11: 0.77938371 | BG11: 0.6787976 | BH11: 0.67746575 | BI11: 0.64072542 | BJ11: 0.78279063 | BK11: 0.86213962 | BL11: 0.6567959 | BM11: 0.76609078 | BN11: 0.6790174 | BO11: 0.67263174 | BP11: 0.75517798 | BQ11: 0.72670409 | BR11: 0.71133457 | BS11: 0.64084542 | BT11: 0.77201802 | BU11: 0.74289521 | BV11: 0.57890474 | BW11: 0.29225949 | BX11: 0.30686541 | BY11: 0.32231207 | BZ11: 0.36727879 | CA11: 0.3419197 | CB11: 0.26678646 | CC11: 0.42179629 | CE11: 0.42603774 | CF11: 0.33319888 | CG11: 0.32941704 | CH11: 0.3993541 | CI11: 0.47389615 | CJ11: 0.41449744 | CK11: 0.47584559 | CL11: 0.33980122 | CM11: 0.35912332 | CN11: 0.35977868 | CO11: 0.37566629 | CP11: 0.40280233 | CQ11: 0.35055034 | CR11: 0.29946926 | CS11: 0.42586791 | CT11: 0.30040207 | CV11: =AVERAGE(C11:Z11) -> 0.80840743 | CW11: =AVERAGE(AA11:AX11) -> 0.64186984 | CX11: =AVERAGE(AY11:BV11) -> 0.70473981 | CY11: =AVERAGE(BW11:CT11) -> 0.36456203 | CZ11: =STDEV(C11:Z11) -> 0.050556864 | DA11: =STDEV(AA11:AX11) -> 0.087103914 | DB11: =STDEV(AY11:BV11) -> 0.065749394 | DC11: =STDEV(BW11:CT11) -> 0.057325656
A12: TB1 | B12: UNIVER | C12: 0.8120549 | D12: 0.77605234 | E12: 0.69371026 | F12: 0.7227236 | G12: 0.70697598 | H12: 0.73490905 | I12: 0.76184259 | J12: 0.94144144 | K12: 0.73709783 | L12: 0.80989655 | M12: 0.77767879 | N12: 0.67323143 | O12: 0.78001186 | P12: 0.74907387 | Q12: 0.7893743 | R12: 0.73490187 | S12: 0.7652299 | T12: 0.73456243 | U12: 0.61206941 | V12: 0.75983694 | W12: 0.71765292 | X12: 0.63198614 | Y12: 0.66323957 | Z12: 0.62808504 | AA12: 0.34318977 | AB12: 0.34845084 | AC12: 0.48716838 | AD12: 0.38709483 | AE12: 0.46586775 | AF12: 0.3717758 | AG12: 0.39644043 | AH12: 0.34852816 | AI12: 0.39529022 | AJ12: 0.52347224 | AK12: 0.48260975 | AL12: 0.41856431 | AM12: 0.55513962 | AN12: 0.44420796 | AO12: 0.51754246 | AP12: 0.45235379 | AQ12: 0.42844168 | AR12: 0.7306129 | AS12: 0.61322353 | AT12: 0.80244121 | AU12: 0.59379115 | AV12: 0.69462466 | AW12: 0.71394227 | AX12: 0.62730375 | AY12: 0.98711464 | AZ12: 0.97428388 | BA12: 0.99427502 | BB12: 0.96781707 | BC12: 0.99467688 | BD12: 0.97937531 | BE12: 0.9829353 | BF12: 0.95226399 | BG12: 0.9803347 | BH12: 0.98359189 | BI12: 0.99075768 | BJ12: 0.96979718 | BK12: 0.98689309 | BL12: 0.97626138 | BM12: 0.98164562 | BN12: 0.98265879 | BO12: 0.98153004 | BP12: 0.98640643 | BQ12: 0.9613526 | BR12: 1 | BS12: 0.9847793 | BT12: 0.95812416 | BU12: 0.9864612 | BV12: 0.98202961 | BW12: 0.27509793 | BX12: 0.26346204 | BY12: 0.33601892 | BZ12: 0.27075899 | CA12: 0.3276041 | CB12: 0.26758629 | CC12: 0.29687123 | CD12: 0.31245577 | CE12: 0.28563773 | CF12: 0.417002 | CG12: 0.37184658 | CH12: 0.27327977 | CI12: 0.42734 | CJ12: 0.32484568 | CK12: 0.40103631 | CL12: 0.32667081 | CM12: 0.32180089 | CN12: 0.52938538 | CO12: 0.36082963 | CP12: 0.60972447 | CQ12: 0.41964987 | CR12: 0.42060995 | CS12: 0.46710394 | CT12: 0.38691977 | CV12: =AVERAGE(C12:Z12) -> 0.73806829 | CW12: =AVERAGE(AA12:AX12) -> 0.50591989 | CX12: =AVERAGE(AY12:BV12) -> 0.98022357 | CY12: =AVERAGE(BW12:CT12) -> 0.36223075 | CZ12: =STDEV(C12:Z12) -> 0.070385193 | DA12: =STDEV(AA12:AX12) -> 0.13340508 | DB12: =STDEV(AY12:BV12) -> 0.01155417 | DC12: =STDEV(BW12:CT12) -> 0.087905396
A13: TB2 | B13: TRDANI | C13: 0.83366165 | D13: 0.78864832 | E13: 0.77008725 | F13: 0.72660488 | G13: 0.73136581 | H13: 0.77995321 | I13: 0.84385822 | J13: 0.77226027 | K13: 0.7660152 | L13: 0.89801085 | M13: 0.80412088 | N13: 0.89645328 | O13: 0.91042148 | P13: 0.96010672 | Q13: 0.94178866 | R13: 0.77933384 | S13: 0.66561683 | T13: 0.67638822 | U13: 0.58031604 | V13: 0.62879507 | W13: 0.71965414 | X13: 0.85436203 | Y13: 0.8052992 | Z13: 0.89628512 | AA13: 0.60195549 | AB13: 0.59288465 | AC13: 0.62145917 | AD13: 0.69772699 | AE13: 0.64396321 | AF13: 0.62538924 | AG13: 0.57983224 | AH13: 0.71513604 | AI13: 0.59925381 | AJ13: 0.43706651 | AK13: 0.61479787 | AL13: 0.51325674 | AM13: 0.62563264 | AN13: 0.40586911 | AO13: 0.46422168 | AP13: 0.55601417 | AQ13: 0.6258068 | AR13: 0.63450642 | AS13: 0.66883233 | AT13: 0.64832358 | AU13: 0.98315868 | AV13: 0.42087347 | AW13: 0.56207216 | AX13: 0.50694948 | AY13: 1 | AZ13: 1 | BA13: 1 | BB13: 1 | BC13: 1 | BD13: 1 | BE13: 1 | BF13: 1 | BG13: 1 | BH13: 1 | BI13: 1 | BJ13: 1 | BK13: 1 | BL13: 1 | BM13: 1 | BN13: 1 | BO13: 1 | BP13: 1 | BQ13: 1 | BR13: 1 | BS13: 1 | BT13: 1 | BU13: 1 | BV13: 1 | BW13: 0.50182721 | BX13: 0.46757749 | BY13: 0.47857778 | BZ13: 0.50697184 | CA13: 0.47097268 | CB13: 0.48777434 | CC13: 0.4892962 | CD13: 0.55227115 | CE13: 0.45903753 | CF13: 0.39249047 | CG13: 0.49437181 | CH13: 0.46011068 | CI13: 0.5695894 | CJ13: 0.38967766 | CK13: 0.43719872 | CL13: 0.43332066 | CM13: 0.41654754 | CN13: 0.42917267 | CO13: 0.38813413 | CP13: 0.40766267 | CQ13: 0.70753421 | CR13: 0.35957831 | CS13: 0.45263626 | CT13: 0.45437128 | CV13: =AVERAGE(C13:Z13) -> 0.79289197 | CW13: =AVERAGE(AA13:AX13) -> 0.5977076 | CX13: =AVERAGE(AY13:BV13) -> 1 | CY13: =AVERAGE(BW13:CT13) -> 0.46694595 | CZ13: =STDEV(C13:Z13) -> 0.098288955 | DA13: =STDEV(AA13:AX13) -> 0.11741953 | DB13: =STDEV(AY13:BV13) -> 0 | DC13: =STDEV(BW13:CT13) -> 0.072104139
A14: TC1 | B14: T12/100 | C14: 0.64624781 | D14: 0.65190197 | E14: 0.6713871 | F14: 0.66579185 | G14: 0.65330965 | H14: 0.64212694 | I14: 0.59968196 | J14: 0.67886719 | K14: 0.65461396 | L14: 0.64910081 | M14: 0.5253525 | N14: 0.63781722 | O14: 0.66059932 | P14: 0.63441627 | Q14: 0.7078218 | R14: 0.66187723 | S14: 0.6283084 | T14: 0.62307614 | U14: 0.53610248 | V14: 0.54458148 | W14: 0.505675 | X14: 0.47897317 | Y14: 0.41856824 | Z14: 0.52166558 | AA14: 0.84391678 | AB14: 0.86249051 | AC14: 0.86740207 | AD14: 0.75852379 | AE14: 0.76818854 | AF14: 0.73314945 | AG14: 0.76187168 | AH14: 0.67902207 | AI14: 0.64792093 | AJ14: 0.83476428 | AK14: 0.82183215 | AL14: 0.7409825 | AM14: 0.81146103 | AN14: 0.78948989 | AO14: 0.74472945 | AP14: 0.77911691 | AQ14: 0.78574209 | AR14: 0.8127593 | AS14: 0.90974713 | AT14: 0.88984242 | AU14: 0.91254177 | AV14: 0.88867976 | AW14: 0.92562627 | AX14: 0.89726225 | AY14: 0.98590227 | AZ14: 0.96881476 | BA14: 0.9821002 | BB14: 0.96530126 | BC14: 0.98509742 | BD14: 0.97878463 | BE14: 0.96416846 | BF14: 0.99619645 | BG14: 0.97466603 | BH14: 0.99092632 | BI14: 0.96575289 | BJ14: 0.97827454 | BK14: 0.98953399 | BL14: 0.99240099 | BM14: 0.9735705 | BN14: 0.97463271 | BO14: 0.99151273 | BP14: 0.969383 | BQ14: 0.95606273 | BR14: 0.93580992 | BS14: 0.94386453 | BT14: 0.9399239 | BU14: 0.87010691 | BV14: 0.91481323 | BW14: 0.53769076 | BX14: 0.54472507 | BY14: 0.57193839 | BZ14: 0.48749543 | CA14: 0.4943859 | CB14: 0.46078734 | CC14: 0.44050996 | CD14: 0.4592125 | CE14: 0.41339298 | CF14: 0.53692963 | CG14: 0.41696533 | CH14: 0.4623437 | CI14: 0.53044029 | CJ14: 0.49705915 | CK14: 0.5132038 | CL14: 0.50259834 | CM14: 0.48949829 | CN14: 0.49090615 | CO14: 0.46628871 | CP14: 0.45348572 | CQ14: 0.43554587 | CR14: 0.40008214 | CS14: 0.33711227 | CT14: 0.42819739 | CV14: =AVERAGE(C14:Z14) -> 0.60824434 | CW14: =AVERAGE(AA14:AX14) -> 0.81112763 | CX14: =AVERAGE(AY14:BV14) -> 0.96615002 | CY14: =AVERAGE(BW14:CT14) -> 0.47378313 | CZ14: =STDEV(C14:Z14) -> 0.074383358 | DA14: =STDEV(AA14:AX14) -> 0.074885007 | DB14: =STDEV(AY14:BV14) -> 0.028737506 | DC14: =STDEV(BW14:CT14) -> 0.053827868
A15: TC10 | B15: SCH2/8 | C15: 0.74423992 | D15: 0.74804472 | E15: 0.71121468 | F15: 0.69682836 | G15: 0.71214223 | H15: 0.68422723 | I15: 0.71164176 | J15: 0.73087675 | K15: 0.70386473 | L15: 0.76189945 | M15: 0.7030913 | N15: 0.70765219 | O15: 0.73697534 | P15: 0.7114708 | Q15: 0.77721667 | R15: 0.8430882 | S15: 0.76968457 | T15: 0.80694767 | U15: 0.84592145 | V15: 0.46622671 | W15: 0.74092347 | X15: 0.60968393 | Y15: 0.42194469 | Z15: 0.49491908 | AA15: 0.59614993 | AB15: 0.47723261 | AC15: 0.58930752 | AD15: 0.63730635 | AE15: 0.58065582 | AF15: 0.54752407 | AG15: 0.51539977 | AH15: 0.5782593 | AI15: 0.58836268 | AJ15: 0.62458512 | AK15: 0.68968361 | AL15: 0.59424074 | AM15: 0.69162852 | AN15: 0.66898338 | AO15: 0.61119804 | AP15: 0.55462846 | AQ15: 0.62052387 | AR15: 0.66003495 | AS15: 0.63788327 | AT15: 0.72916585 | AU15: 0.6800229 | AV15: 0.6135023 | AW15: 0.63084 | AX15: 0.70920127 | AY15: 0.81697202 | AZ15: 0.80857443 | BA15: 0.81360321 | BB15: 0.8084513 | BC15: 0.81292162 | BD15: 0.86469077 | BE15: 0.87525684 | BF15: 0.50665878 | BG15: 0.44439444 | BH15: 0.92171123 | BI15: 0.8626704 | BJ15: 0.95038122 | BK15: 0.92896562 | BL15: 0.90347962 | BM15: 0.91366411 | BN15: 0.9170974 | BO15: 0.92104664 | BP15: 0.82969794 | BQ15: 0.90495234 | BR15: 0.90177781 | BS15: 0.82979381 | BT15: 0.8767004 | BU15: 0.67660823 | BV15: 0.76184761 | BW15: 0.36247298 | BX15: 0.28865407 | BY15: 0.34100076 | BZ15: 0.35902767 | CA15: 0.33615084 | CB15: 0.32393986 | CC15: 0.3210267 | CD15: 0.21413238 | CE15: 0.18403607 | CF15: 0.4386157 | CG15: 0.41831798 | CH15: 0.39965028 | CI15: 0.473506 | CJ15: 0.43002209 | CK15: 0.43402088 | CL15: 0.42883539 | CM15: 0.43989892 | CN15: 0.44190846 | CO15: 0.48831151 | CP15: 0.30656531 | CQ15: 0.4180874 | CR15: 0.3279232 | CS15: 0.1800993 | CT15: 0.26740641 | CV15: =AVERAGE(C15:Z15) -> 0.70169691 | CW15: =AVERAGE(AA15:AX15) -> 0.61776335 | CX15: =AVERAGE(AY15:BV15) -> 0.82716324 | CY15: =AVERAGE(BW15:CT15) -> 0.35931709 | CZ15: =STDEV(C15:Z15) -> 0.10613951 | DA15: =STDEV(AA15:AX15) -> 0.060984201 | DB15: =STDEV(AY15:BV15) -> 0.12530252 | DC15: =STDEV(BW15:CT15) -> 0.087968941
A16: TC2 | B16: T4/100T | C16: 0.58353762 | D16: 0.67075756 | E16: 0.68541971 | F16: 0.64543496 | G16: 0.64019571 | H16: 0.59605258 | I16: 0.61615044 | J16: 0.66699521 | K16: 0.57061787 | L16: 0.55347637 | M16: 0.63761766 | N16: 0.66177545 | O16: 0.70193157 | P16: 0.59266432 | Q16: 0.73198483 | R16: 0.77093118 | S16: 0.67724159 | T16: 0.63693489 | U16: 0.52652703 | V16: 0.46311931 | W16: 0.56918601 | X16: 0.62845163 | Y16: 0.68884345 | Z16: 0.57394465 | AA16: 0.4817823 | AB16: 0.51997615 | AC16: 0.40708471 | AD16: 0.57466962 | AE16: 0.39112899 | AF16: 0.50236236 | AG16: 0.55694231 | AH16: 0.28399931 | AI16: 0.45410347 | AJ16: 0.49746245 | AK16: 0.53911683 | AL16: 0.50466599 | AM16: 0.56821091 | AN16: 0.5360098 | AO16: 0.4625286 | AP16: 0.52642876 | AQ16: 0.55290656 | AR16: 0.55174806 | AS16: 0.55354747 | AT16: 0.45258334 | AU16: 0.49082372 | AV16: 0.55621276 | AW16: 0.53760656 | AX16: 0.70379847 | AY16: 0.96968338 | AZ16: 0.99664101 | BA16: 0.98179246 | BB16: 0.99287987 | BC16: 0.9837565 | BD16: 0.96760196 | BE16: 0.97983754 | BF16: 0.8370161 | BG16: 0.8776838 | BH16: 0.94503279 | BI16: 0.91589099 | BJ16: 0.92870434 | BK16: 0.93442624 | BL16: 0.92159659 | BM16: 0.9223643 | BN16: 0.98606162 | BO16: 0.96654856 | BP16: 0.92525088 | BQ16: 0.83323685 | BR16: 0.81565285 | BS16: 0.93872573 | BT16: 0.9830757 | BU16: 0.97349733 | BV16: 0.90547567 | BW16: 0.27261494 | BX16: 0.34760639 | BY16: 0.27394355 | BZ16: 0.36827092 | CA16: 0.24633174 | CB16: 0.28973329 | CC16: 0.3362413 | CD16: 0.15855276 | CE16: 0.22742504 | CF16: 0.26019939 | CG16: 0.3148379 | CH16: 0.31016455 | CI16: 0.3726914 | CJ16: 0.29276717 | CK16: 0.31227927 | CL16: 0.40018359 | CM16: 0.36192538 | CN16: 0.32515869 | CO16: 0.2428533 | CP16: 0.1709609 | CQ16: 0.2622518 | CR16: 0.34363688 | CS16: 0.36051211 | CT16: 0.36575908 | CV16: =AVERAGE(C16:Z16) -> 0.62874132 | CW16: =AVERAGE(AA16:AX16) -> 0.50857081 | CX16: =AVERAGE(AY16:BV16) -> 0.93676804 | CY16: =AVERAGE(BW16:CT16) -> 0.30070422 | CZ16: =STDEV(C16:Z16) -> 0.068629414 | DA16: =STDEV(AA16:AX16) -> 0.078970429 | DB16: =STDEV(AY16:BV16) -> 0.05218059 | DC16: =STDEV(BW16:CT16) -> 0.062917789
A17: TC3 | B17: T4/100 | C17: 0.75884934 | D17: 0.71034878 | E17: 0.73589585 | F17: 0.73677539 | G17: 0.6763436 | H17: 0.74670562 | I17: 0.71988655 | J17: 0.71170913 | K17: 0.76618282 | L17: 0.76609653 | M17: 0.77796865 | N17: 0.74568753 | O17: 0.74588769 | P17: 0.74012213 | Q17: 0.72983733 | R17: 0.64132214 | S17: 0.64856895 | T17: 0.67519466 | U17: 0.65225853 | V17: 0.68789144 | W17: 0.61835261 | X17: 0.48384921 | Y17: 0.59731854 | Z17: 0.60767911 | AA17: 0.58995686 | AB17: 0.6891343 | AC17: 0.80425825 | AD17: 0.81870257 | AE17: 0.64885023 | AF17: 0.73162973 | AG17: 0.72317871 | AH17: 0.67402549 | AI17: 0.64526232 | AJ17: 0.69267187 | AK17: 0.68468108 | AL17: 0.66169235 | AM17: 0.63673809 | AN17: 0.68242827 | AO17: 0.65766452 | AP17: 0.71525485 | AQ17: 0.72683772 | AR17: 0.66893916 | AS17: 0.74278066 | AT17: 0.72543622 | AU17: 0.72828698 | AV17: 0.72249959 | AW17: 0.72469069 | AX17: 0.73400042 | AY17: 0.9987309 | AZ17: 0.98384985 | BA17: 0.98981751 | BB17: 0.98201974 | BC17: 0.99046461 | BD17: 0.93004548 | BE17: 0.95988208 | BF17: 0.95175753 | BG17: 0.99374094 | BH17: 0.97774122 | BI17: 0.98729502 | BJ17: 0.99091565 | BK17: 0.96233338 | BL17: 0.88743983 | BM17: 0.94088426 | BN17: 0.96318515 | BO17: 0.97151815 | BP17: 0.98050978 | BQ17: 0.90024412 | BR17: 0.97441279 | BS17: 0.99062088 | BT17: 0.94309699 | BU17: 0.89290451 | BV17: 0.95399791 | BW17: 0.44712021 | BX17: 0.4816198 | BY17: 0.5858238 | BZ17: 0.59235422 | CA17: 0.43466113 | CB17: 0.50809504 | CC17: 0.49972097 | CD17: 0.4565677 | CE17: 0.49129449 | CF17: 0.51884181 | CG17: 0.52589297 | CH17: 0.48893338 | CI17: 0.4570459 | CJ17: 0.44822834 | CK17: 0.45161327 | CL17: 0.44182147 | CM17: 0.45797791 | CN17: 0.44286111 | CO17: 0.43615479 | CP17: 0.4862528 | CQ17: 0.44611438 | CR17: 0.32968866 | CS17: 0.38651263 | CT17: 0.4255181 | CV17: =AVERAGE(C17:Z17) -> 0.69503051 | CW17: =AVERAGE(AA17:AX17) -> 0.70123337 | CX17: =AVERAGE(AY17:BV17) -> 0.96239201 | CY17: =AVERAGE(BW17:CT17) -> 0.46836312 | CZ17: =STDEV(C17:Z17) -> 0.069781277 | DA17: =STDEV(AA17:AX17) -> 0.051203756 | DB17: =STDEV(AY17:BV17) -> 0.032364646 | DC17: =STDEV(BW17:CT17) -> 0.056080844
A18: TC4 | B18: T10/100 | C18: 0.76522898 | D18: 0.73044277 | E18: 0.74124909 | F18: 0.68773234 | G18: 0.77996277 | H18: 0.73549068 | I18: 0.70132059 | J18: 0.75301794 | K18: 0.69869942 | L18: 0.69945539 | M18: 0.69165679 | N18: 0.72048205 | O18: 0.78436073 | P18: 0.75185382 | Q18: 0.80593717 | R18: 0.61351762 | S18: 0.59627182 | T18: 0.67973176 | U18: 0.66457997 | V18: 0.60896717 | W18: 0.64564695 | X18: 0.61464322 | Y18: 0.693343 | Z18: 0.67398398 | AA18: 0.58332604 | AB18: 0.69931269 | AC18: 0.66753766 | AD18: 0.64326211 | AE18: 0.69149793 | AF18: 0.61137941 | AG18: 0.60433595 | AH18: 0.53598258 | AI18: 0.5407906 | AJ18: 0.64246658 | AK18: 0.69764243 | AL18: 0.69386256 | AM18: 0.65260823 | AN18: 0.65863532 | AO18: 0.65275638 | AP18: 0.64189955 | AQ18: 0.7532516 | AR18: 0.70732203 | AS18: 0.77443988 | AT18: 0.72137107 | AU18: 0.77317312 | AV18: 0.79386326 | AW18: 0.81871018 | AX18: 0.74637492 | AY18: 0.98027925 | AZ18: 0.99529905 | BA18: 0.99862121 | BB18: 0.99654193 | BC18: 0.99561182 | BD18: 0.9981848 | BE18: 0.99714882 | BF18: 0.98730576 | BG18: 0.98710397 | BH18: 0.9920051 | BI18: 0.99359608 | BJ18: 0.99180481 | BK18: 0.98920793 | BL18: 0.97617525 | BM18: 0.96181029 | BN18: 0.95983388 | BO18: 0.97723543 | BP18: 0.98685206 | BQ18: 0.98871329 | BR18: 0.97066894 | BS18: 0.99697938 | BT18: 0.99193602 | BU18: 0.97901596 | BV18: 0.9746485 | BW18: 0.43757508 | BX18: 0.50840661 | BY18: 0.49412944 | BZ18: 0.44086234 | CA18: 0.53697591 | CB18: 0.44884763 | CC18: 0.42262482 | CD18: 0.39848105 | CE18: 0.37297732 | CF18: 0.44578399 | CG18: 0.47943904 | CH18: 0.49581862 | CI18: 0.50635602 | CJ18: 0.48339953 | CK18: 0.50598976 | CL18: 0.3779986 | CM18: 0.43891816 | CN18: 0.47446786 | CO18: 0.50886822 | CP18: 0.42640642 | CQ18: 0.49768898 | CR18: 0.48400791 | CS18: 0.55573545 | CT18: 0.4902918 | CV18: =AVERAGE(C18:Z18) -> 0.70156567 | CW18: =AVERAGE(AA18:AX18) -> 0.67940842 | CX18: =AVERAGE(AY18:BV18) -> 0.98610748 | CY18: =AVERAGE(BW18:CT18) -> 0.46800211 | CZ18: =STDEV(C18:Z18) -> 0.058276938 | DA18: =STDEV(AA18:AX18) -> 0.074963612 | DB18: =STDEV(AY18:BV18) -> 0.011257599 | DC18: =STDEV(BW18:CT18) -> 0.047224344
A19: TC5 | B19: T23/80 | C19: 0.69855015 | D19: 0.69083569 | E19: 0.72449167 | F19: 0.71064542 | G19: 0.75332713 | H19: 0.7156759 | I19: 0.66146319 | J19: 0.77334852 | K19: 0.6625315 | L19: 0.71232051 | M19: 0.67853334 | N19: 0.75389856 | O19: 0.7872611 | P19: 0.58892755 | Q19: 0.79023094 | R19: 0.75199099 | S19: 0.69077758 | T19: 0.71914389 | U19: 0.64823843 | V19: 0.66014946 | W19: 0.58430218 | X19: 0.63258528 | Y19: 0.6614803 | Z19: 0.68979409 | AA19: 0.97537814 | AB19: 0.93094959 | AC19: 0.87585572 | AD19: 0.90012186 | AE19: 0.85432849 | AF19: 0.83970544 | AG19: 0.81696271 | AH19: 0.71984007 | AI19: 0.86524707 | AJ19: 0.77734105 | AK19: 0.87844165 | AL19: 0.90087422 | AM19: 0.97041325 | AN19: 0.86467811 | AO19: 0.92993706 | AP19: 0.72313063 | AQ19: 0.8617549 | AR19: 0.83282299 | AS19: 0.87336127 | AT19: 0.86499563 | AU19: 0.88492242 | AV19: 0.91066418 | AW19: 0.91000241 | AX19: 0.95445435 | AY19: 0.94769897 | AZ19: 0.95640122 | BA19: 0.94962504 | BB19: 0.92657747 | BC19: 0.96015794 | BD19: 0.95638403 | BE19: 0.96148782 | BF19: 0.95373766 | BG19: 0.94823036 | BH19: 0.93220067 | BI19: 0.97328426 | BJ19: 0.94646305 | BK19: 0.96973012 | BL19: 0.95348753 | BM19: 0.95846691 | BN19: 0.88825087 | BO19: 0.96943043 | BP19: 0.95603012 | BQ19: 0.9423206 | BR19: 0.94185874 | BS19: 0.93756817 | BT19: 0.94406598 | BU19: 0.92531272 | BV19: 0.9267781 | BW19: 0.64571522 | BX19: 0.61509338 | BY19: 0.60258473 | BZ19: 0.59270147 | CA19: 0.61794693 | CB19: 0.57474563 | CC19: 0.51957913 | CD19: 0.5309336 | CE19: 0.54357631 | CF19: 0.5161744 | CG19: 0.58012798 | CH19: 0.64280721 | CI19: 0.74084336 | CJ19: 0.48554709 | CK19: 0.70434382 | CL19: 0.48301992 | CM19: 0.57708348 | CN19: 0.57258514 | CO19: 0.53349135 | CP19: 0.53782621 | CQ19: 0.48478096 | CR19: 0.54385069 | CS19: 0.55699076 | CT19: 0.61016936 | CV19: =AVERAGE(C19:Z19) -> 0.69752097 | CW19: =AVERAGE(AA19:AX19) -> 0.87150763 | CX19: =AVERAGE(AY19:BV19) -> 0.94689787 | CY19: =AVERAGE(BW19:CT19) -> 0.57552159 | CZ19: =STDEV(C19:Z19) -> 0.055388636 | DA19: =STDEV(AA19:AX19) -> 0.065684747 | DB19: =STDEV(AY19:BV19) -> 0.018287896 | DC19: =STDEV(BW19:CT19) -> 0.065304535
A20: TC6 | B20: SCH2/B | C20: 0.82803591 | D20: 0.73038102 | E20: 0.75142105 | F20: 0.75812021 | G20: 0.67414493 | H20: 0.68867351 | I20: 0.69529136 | J20: 0.76826667 | K20: 0.5775601 | L20: 0.72849719 | M20: 0.70301131 | N20: 0.72043062 | O20: 0.64671679 | P20: 0.67642234 | Q20: 0.68379434 | R20: 0.63306544 | S20: 0.71275202 | T20: 0.68884411 | U20: 0.5838794 | V20: 0.51592439 | W20: 0.49195641 | X20: 0.60841907 | Y20: 0.58806244 | Z20: 0.56904022 | AA20: 0.37680604 | AB20: 0.51619898 | AC20: 0.56218559 | AD20: 0.70392763 | AE20: 0.65353867 | AF20: 0.64884632 | AG20: 0.58783758 | AH20: 0.5892457 | AI20: 0.57348496 | AJ20: 0.58151786 | AK20: 0.63847916 | AL20: 0.63680641 | AM20: 0.47523856 | AN20: 0.55394678 | AO20: 0.59153659 | AP20: 0.54081684 | AQ20: 0.60955554 | AR20: 0.56929042 | AS20: 0.75318555 | AT20: 0.64318165 | AU20: 0.64734759 | AV20: 0.70947815 | AW20: 0.71174636 | AX20: 0.78823413 | AY20: 0.97347537 | AZ20: 0.96446613 | BA20: 0.97555762 | BB20: 0.97616452 | BC20: 0.91587494 | BD20: 0.95169381 | BE20: 0.95434678 | BF20: 0.83277336 | BG20: 0.80209699 | BH20: 0.86887773 | BI20: 0.7858084 | BJ20: 0.84354514 | BK20: 0.79703953 | BL20: 0.77343989 | BM20: 0.86581011 | BN20: 0.80902499 | BO20: 0.82964655 | BP20: 0.81511967 | BQ20: 0.82732969 | BR20: 0.7964237 | BS20: 0.71133982 | BT20: 0.86542946 | BU20: 0.87863825 | BV20: 0.84009631 | BW20: 0.30373301 | BX20: 0.3636249 | BY20: 0.41211269 | BZ20: 0.52094168 | CA20: 0.40351598 | CB20: 0.42525798 | CC20: 0.39005908 | CD20: 0.37699469 | CE20: 0.26567219 | CF20: 0.36808626 | CG20: 0.35271644 | CH20: 0.38699729 | CI20: 0.24496592 | CJ20: 0.28980945 | CK20: 0.35021099 | CL20: 0.27698787 | CM20: 0.36044985 | CN20: 0.31965109 | CO20: 0.36383439 | CP20: 0.26427975 | CQ20: 0.22653811 | CR20: 0.37357131 | CS20: 0.36775518 | CT20: 0.37681422 | CV20: =AVERAGE(C20:Z20) -> 0.66761295 | CW20: =AVERAGE(AA20:AX20) -> 0.61093471 | CX20: =AVERAGE(AY20:BV20) -> 0.86058412 | CY20: =AVERAGE(BW20:CT20) -> 0.34935751 | CZ20: =STDEV(C20:Z20) -> 0.082624348 | DA20: =STDEV(AA20:AX20) -> 0.089774446 | DB20: =STDEV(AY20:BV20) -> 0.074019718 | DC20: =STDEV(BW20:CT20) -> 0.066089276
A21: TC7 | B21: CO8/80 | C21: 0.82436118 | D21: 0.86804767 | E21: 0.82484264 | F21: 0.83175573 | G21: 0.82084806 | H21: 0.75790762 | I21: 0.72101978 | J21: 1 | K21: 0.66829622 | L21: 0.88036589 | M21: 0.75356695 | N21: 0.81908898 | O21: 0.72111123 | P21: 0.57134551 | Q21: 0.75294009 | R21: 0.738679 | S21: 0.80157271 | T21: 0.62195122 | U21: 0.73435361 | V21: 0.4493157 | W21: 0.71905847 | X21: 0.66616173 | Y21: 0.777015 | Z21: 0.78558633 | AA21: 0.93882713 | AB21: 0.54454281 | AC21: 0.72926626 | AD21: 1.1552548 | AE21: 0.6419171 | AF21: 1.2042813 | AG21: 1.1452333 | AH21: 1.2799295 | AI21: 0.98039752 | AJ21: 0.78609488 | AK21: 0.87121602 | AL21: 1.0147869 | AM21: 1.3272412 | AN21: 1.3115611 | AO21: 1.2550735 | AP21: 1.1764837 | AQ21: 0.78158008 | AR21: 0.81134118 | AS21: 0.77414526 | AT21: 0.89017045 | AU21: 1.0041754 | AV21: 0.90421193 | AW21: 1.2053407 | AX21: 1.1264845 | AY21: 0.98249983 | AZ21: 0.97702308 | BA21: 0.98431647 | BB21: 0.99719656 | BC21: 0.94852148 | BD21: 0.88891224 | BE21: 0.96666433 | BF21: 1 | BG21: 0.9994468 | BH21: 0.93485085 | BI21: 0.98633211 | BJ21: 0.99768923 | BK21: 1 | BL21: 0.99717742 | BM21: 0.98455327 | BN21: 0.99430748 | BO21: 0.97296428 | BP21: 0.9933012 | BQ21: 0.98327545 | BR21: 0.9711754 | BS21: 0.992067 | BT21: 0.98902241 | BU21: 0.99979635 | BV21: 0.99118789 | BW21: 0.76038868 | BX21: 0.46182818 | BY21: 0.59209579 | BZ21: 0.95819599 | CA21: 0.49979153 | CB21: 0.8113404 | CC21: 0.79820938 | CD21: 1.2799295 | CE21: 0.6548335 | CF21: 0.64696458 | CG21: 0.64754636 | CH21: 0.82928002 | CI21: 0.95708851 | CJ21: 0.74723943 | CK21: 0.93039809 | CL21: 0.86409673 | CM21: 0.60955557 | CN21: 0.50123432 | CO21: 0.55898852 | CP21: 0.38843866 | CQ21: 0.71633275 | CR21: 0.59573902 | CS21: 0.93637704 | CT21: 0.87715253 | CV21: =AVERAGE(C21:Z21) -> 0.75454964 | CW21: =AVERAGE(AA21:AX21) -> 0.99414818 | CX21: =AVERAGE(AY21:BV21) -> 0.98051171 | CY21: =AVERAGE(BW21:CT21) -> 0.73429355 | CZ21: =STDEV(C21:Z21) -> 0.11047632 | DA21: =STDEV(AA21:AX21) -> 0.2240155 | DB21: =STDEV(AY21:BV21) -> 0.025484977 | DC21: =STDEV(BW21:CT21) -> 0.20265529
A22: TC8 | B22: SCH0/B | C22: 0.62053347 | D22: 0.70640421 | E22: 0.58870968 | F22: 0.694659 | G22: 0.68997728 | H22: 0.69392569 | I22: 0.71273713 | J22: 0.70614919 | K22: 0.82349828 | L22: 0.68329718 | M22: 0.54224599 | N22: 0.59555288 | O22: 0.60460913 | P22: 0.85122411 | Q22: 0.63832021 | R22: 0.56857855 | S22: 0.5973138 | T22: 0.60109718 | U22: 0.21456539 | V22: 0.45034642 | W22: 0.45086888 | X22: 0.63171183 | Y22: 0.50621286 | Z22: 0.55741022 | AA22: 0.7736715 | AB22: 0.55511914 | AC22: 0.76998222 | AD22: 0.92947027 | AE22: 0.69690729 | AF22: 0.22856032 | AG22: 0.41989576 | AH22: 0.69404711 | AI22: 0.38082262 | AJ22: 0.76660869 | AK22: 0.77244564 | AL22: 0.5145247 | AM22: 1.0124664 | AN22: 0.50533289 | AO22: 0.69028927 | AP22: 0.64673474 | AQ22: 0.48671948 | AR22: 0.57682167 | AS22: 0.55715983 | AT22: 0.77476923 | AU22: 0.79968953 | AV22: 0.53741949 | AW22: 0.75080286 | AX22: 0.7801421 | AY22: 0.98861879 | AZ22: 0.948076 | BA22: 0.96445078 | BB22: 0.91934812 | BC22: 0.98132189 | BD22: 0.99903579 | BE22: 0.95709738 | BF22: 1 | BG22: 1 | BH22: 0.98825575 | BI22: 0.90475961 | BJ22: 0.99397133 | BK22: 1 | BL22: 1 | BM22: 1 | BN22: 0.94242657 | BO22: 1 | BP22: 0.86018984 | BQ22: 0.67521806 | BR22: 1 | BS22: 0.99341286 | BT22: 0.99906029 | BU22: 0.97637211 | BV22: 0.94391571 | BW22: 0.47462506 | BX22: 0.3717771 | BY22: 0.43718166 | BZ22: 0.5935908 | CA22: 0.47186882 | CB22: 0.15845095 | CC22: 0.2864356 | CD22: 0.49010081 | CE22: 0.31360677 | CF22: 0.51766966 | CG22: 0.37896359 | CH22: 0.30457933 | CI22: 0.61214641 | CJ22: 0.43015153 | CK22: 0.44062559 | CL22: 0.34654863 | CM22: 0.29072426 | CN22: 0.29825008 | CO22: 0.080720439 | CP22: 0.34891455 | CQ22: 0.35818009 | CR22: 0.33917522 | CS22: 0.3710859 | CT22: 0.41047041 | CV22: =AVERAGE(C22:Z22) -> 0.61374786 | CW22: =AVERAGE(AA22:AX22) -> 0.65085011 | CX22: =AVERAGE(AY22:BV22) -> 0.95981379 | CY22: =AVERAGE(BW22:CT22) -> 0.38024347 | CZ22: =STDEV(C22:Z22) -> 0.12985716 | DA22: =STDEV(AA22:AX22) -> 0.17975895 | DB22: =STDEV(AY22:BV22) -> 0.070822519 | DC22: =STDEV(BW22:CT22) -> 0.12066872

Sheet Costs
A1: Description | B1: Value
A2: raw material variable cost | B2: 7000 | C2: €/ton
A3: transformation variable cost (e.g. energy, ..) | B3: 100 | C3: €/ton
A4: transformation fixed cost (e.g. energy, ..) | B4: 350 | C4: €/ton
A5: setup cost drawing | B5: 80 | C5: €/h
A6: setup cost extrusion | B6: 120 | C6: €/h
A7: stockout (MTS) | B7: 170 | C7: €/ton
A8: late delivery cost (MTO) | B8: =8500*(0.04/220) -> 1.5454545 | C8: €/(ton*day)
A9: holding cost | B9: 0.1 | C9: 1/year
